rank	source	url	kind	license	status	notes
1	Census TIGERweb, 2020 ZIP Code Tabulation Areas	https://tigerweb.geo.census.gov/arcgis/rest/services/TIGERweb/PUMA_TAD_TAZ_UGA_ZCTA/MapServer/1	dataset	US Government work, public domain	ADOPTED	The area a record means: interior point, land and water area. Queried by ZCTA5 and quoted from the JSON
2	USGS Watershed Boundary Dataset	https://hydro.nationalmap.gov/arcgis/rest/services/wbd/MapServer	dataset	US Government work, public domain	ADOPTED	HUC8 (layer 4) and HUC12 (layer 6) at the ZCTA's interior point
3	Water Quality Portal (EPA, USGS, NWQMC)	https://www.waterqualitydata.us/ (beta: https://waterqualitydata.us/beta/)	database	US Government work, public domain	ADOPTED	Monitoring locations and results by HUC (wqx3/Station/search?huc=). Each HUC8 watershed links to it; measurements stay in the portal
4	EPA SDWIS through Envirofacts	https://data.epa.gov/efservice/WATER_SYSTEM_FACILITY/PWSID/{pwsid}/JSON	database	US Government work, public domain	ADOPTED	A public water system's plants, intakes, wells and the systems it buys from. The WATER_SYSTEM table also names staff and their contacts; cite WATER_SYSTEM_FACILITY instead
5	EPA ECHO detailed facility reports	https://echodata.epa.gov/echo/dfr_rest_services.get_dfr?output=JSON&p_id={npdes}	database	US Government work, public domain	ADOPTED	A wastewater plant's names and receiving water by NPDES permit. ECHO's water-system search answers with a query id that expires, so it is not cited
6	Wikipedia	https://en.wikipedia.org/	knowledge_base	CC-BY-SA-4.0	ADOPTED	The first account of an incident. Cited as WIKIPEDIA:<title>, fetched as plain text (.linkml-reference-validator-sources.yaml). Toledo's 2014 incident has no article of its own
7	Government incident pages and reports (US EPA, states, CDC MMWR)	https://www.epa.gov/	literature	mostly public domain	ADOPTED	Dates, advisories, populations. Some state pages are gone: Ohio's East Palestine updates answered 404 on 2026-10-09
8	Utility pages and consumer confidence reports	varies	literature	varies	ADOPTED	Plant names, sources, treatment. A report's PDF text can split drop capitals; quote around them
9	PubMed	https://pubmed.ncbi.nlm.nih.gov/	literature	per paper	ADOPTED	Causes and health effects of incidents. Quote the abstract; query per incident, e.g. Flint AND water AND lead
10	News, quoted from archived copies	https://web.archive.org/	literature	varies; quoted with attribution	ADOPTED	Dates, advisories and incidents no paper reports. Quoted from Wayback Machine snapshots, never the live page: live news sites often refuse scripted requests (403, 406) and stories move. Leads come from the three searches below; curation/news/ keeps each record's leads
11	Google News search feed, with after:/before: dates	https://news.google.com/rss/search	literature	Google's terms; an unofficial use of a reader feed	ADOPTED	Leads only: title, outlet, date, reaching back to 2014 at least. No article URL; the article is found by its title and outlet. A feed's date can be wrong: Flint's March 2026 story was dated February 10
12	GDELT article search	https://api.gdeltproject.org/api/v2/doc/doc	literature	GDELT terms; free	EVALUATING	Leads only, 2017 on, with direct URLs. Refused every request (HTTP 429) in the 2026-10-09 runs; news_leads.py stops asking after two refusals
13	News cited by Wikipedia articles	https://en.wikipedia.org/	literature	CC-BY-SA-4.0 (the article)	ADOPTED	Leads only: the citations of each Wikipedia article a record cites, often with an archived copy an editor already made. The best-curated news there is
14	Deep research reports	research/	literature	n/a	EVALUATING	Leads only, never cited. Not yet run on a record
