curie,label,retrieved_at
VBO:0000723,Angora (Goat),2026-09-30T14:52:35.338298
VBO:0000736,Boer (Goat),2026-09-30T14:52:33.255421
VBO:0000811,Nigerian Dwarf (Goat),2026-09-30T14:51:45.522115
VBO:0000827,Saanen (Goat),2026-09-30T14:40:47.767929
VBO:0000854,West African Dwarf (Goat),2026-09-30T14:51:49.043236
VBO:0009093,"Saanen, Argentina (Goat)",2026-09-30T14:43:12.277884
VBO:0009552,"British Saanen, United Kingdom of Great Britain and Northern Ireland (Goat)",2026-09-30T14:49:25.151892
VBO:0009812,"Banat White, Romania (Goat)",2026-09-30T14:49:23.732971
VBO:0009860,"Kıl Keçi, Turkey (Goat)",2026-09-30T14:49:30.263893
VBO:0017079,Russian White (Goat),2026-09-30T14:49:27.306460
VBO:0017431,Sable (Goat),2026-09-30T14:49:28.881870
